baseline_n_catchments,baseline_npi_max,baseline_npi_mean,baseline_npi_mean_worst3,baseline_npi_mean_worst5,baseline_npi_mean_worst6,baseline_npi_p90,baseline_solidity_mean,baseline_solidity_mean_best6,baseline_solidity_mean_worst3,baseline_solidity_mean_worst5,baseline_solidity_mean_worst6,baseline_solidity_min,baseline_solidity_p10,delta_npi_max,delta_npi_mean,delta_npi_mean_on_baseline_worst5_sites,delta_npi_mean_on_baseline_worst6_sites,delta_npi_mean_worst3,delta_npi_mean_worst5,delta_npi_mean_worst6,delta_npi_p90,delta_solidity_mean,delta_solidity_mean_best6,delta_solidity_mean_on_baseline_worst5_sites,delta_solidity_mean_on_baseline_worst6_sites,delta_solidity_mean_worst3,delta_solidity_mean_worst5,delta_solidity_mean_worst6,delta_solidity_min,delta_solidity_p10,error,modality,n_sites_used_baseline_worst5_npi,n_sites_used_baseline_worst5_solidity,n_sites_used_baseline_worst6_npi,n_sites_used_baseline_worst6_solidity,pair_id,replay_path,result_json,selected_explored_index,selected_n_catchments,selected_npi_max,selected_npi_mean,selected_npi_mean_worst3,selected_npi_mean_worst5,selected_npi_mean_worst6,selected_npi_p90,selected_solidity_mean,selected_solidity_mean_best6,selected_solidity_mean_worst3,selected_solidity_mean_worst5,selected_solidity_mean_worst6,selected_solidity_min,selected_solidity_p10,selected_source,status
18,1.762597932644546,1.4819638694922024,1.7197107984075715,1.6601891111498304,1.6448829121046888,1.6797562979289367,0.9348161921995799,0.9912821896033351,0.8440423411583159,0.8616848037021502,0.8695534692772736,0.8203950390446676,0.856449048033887,0.0,0.0,0.0,0.0,0.0,0.0,0.0,0.0,0.0,0.0,0.0,0.0,0.0,0.0,0.0,0.0,0.0,,multimodal,5.0,5.0,6.0,6.0,shape_niceness_med_00,/Users/cat2510/MMIO/full_dataset/shape_niceness/results_multimodal_vague/shape_niceness_med_00.explore_replay.pkl,/Users/cat2510/MMIO/full_dataset/shape_niceness/results_multimodal_vague/shape_niceness_med_00.json,0,18,1.762597932644546,1.4819638694922024,1.7197107984075715,1.6601891111498304,1.6448829121046888,1.6797562979289367,0.9348161921995799,0.9912821896033351,0.8440423411583159,0.8616848037021502,0.8695534692772736,0.8203950390446676,0.856449048033887,baseline,completed
18,1.8140368558558984,1.5064674642108005,1.754062063101604,1.7076882935422883,1.6878038045589294,1.72388973730976,0.9151345980535142,0.9892655268892439,0.824725691659372,0.8395231179689805,0.848811881527895,0.8111093577403694,0.8352839515349247,-0.08949986559469947,-0.0097182034361325,-0.028300687523742464,-0.023583906269785387,-0.0471678125395707,-0.028300687523742596,-0.023583906269785126,-0.03603264158741526,0.002329658647648669,0.0,0.008980009145456913,0.007483340954547428,0.01042396280131308,0.008980009145456935,0.007483340954547391,0.011049268588375294,0.006655648038791928,,multimodal,5.0,5.0,6.0,6.0,shape_niceness_med_01,/Users/cat2510/MMIO/full_dataset/shape_niceness/results_multimodal_vague/shape_niceness_med_01.explore_replay.pkl,/Users/cat2510/MMIO/full_dataset/shape_niceness/results_multimodal_vague/shape_niceness_med_01.json,1,18,1.7245369902611989,1.496749260774668,1.7068942505620333,1.6793876060185458,1.6642198982891443,1.6878570957223447,0.9174642567011628,0.9892655268892439,0.8351496544606851,0.8485031271144374,0.8562952224824424,0.8221586263287447,0.8419395995737167,force_assign,completed
18,1.6407671265060466,1.4840016939891973,1.6246978540500188,1.5980107540382715,1.5853316609450971,1.614400593529603,0.9296483261356348,0.9849402649570451,0.8336841790896651,0.8528218030945018,0.8610168412241377,0.7619329097087987,0.8696464136712565,0.07350122350444388,-0.0028134478927388518,-0.010128412413860621,-0.008440343678217185,0.007912774371464426,-0.0031138476214662703,-0.00378654989960836,-0.03483403027303544,0.0026061646951988093,0.0,0.009382192902715848,0.007818494085596539,-0.005883942184944035,0.001812471787132286,0.003984645913282736,0.0,-0.003094934816918027,,multimodal,5.0,5.0,6.0,6.0,shape_niceness_med_02,/Users/cat2510/MMIO/full_dataset/shape_niceness/results_multimodal_vague/shape_niceness_med_02.explore_replay.pkl,/Users/cat2510/MMIO/full_dataset/shape_niceness/results_multimodal_vague/shape_niceness_med_02.json,1,18,1.7142683500104905,1.4811882460964585,1.6326106284214832,1.5948969064168053,1.5815451110454888,1.5795665632565676,0.9322544908308336,0.9849402649570451,0.827800236904721,0.8546342748816341,0.8650014871374204,0.7619329097087987,0.8665514788543385,force_assign,completed
18,2.02620768038638,1.5887196830848347,1.9574187902134927,1.870738425842585,1.843053308379513,1.912560905050324,0.8782808806727562,0.9869700741367181,0.7198157950160837,0.7458134305343121,0.7554908781691613,0.6604938271604035,0.7567434342668783,0.0,0.0,0.0,0.0,0.0,0.0,0.0,0.0,0.0,0.0,0.0,0.0,0.0,0.0,0.0,0.0,0.0,,multimodal,5.0,5.0,6.0,6.0,shape_niceness_med_03,/Users/cat2510/MMIO/full_dataset/shape_niceness/results_multimodal_vague/shape_niceness_med_03.explore_replay.pkl,/Users/cat2510/MMIO/full_dataset/shape_niceness/results_multimodal_vague/shape_niceness_med_03.json,2,18,2.02620768038638,1.5887196830848347,1.9574187902134927,1.870738425842585,1.843053308379513,1.912560905050324,0.8782808806727562,0.9869700741367181,0.7198157950160837,0.7458134305343121,0.7554908781691613,0.6604938271604035,0.7567434342668783,resolve,completed
18,2.4773179590799717,1.6173456295807016,2.102193805719532,1.9800066361345727,1.937758496689438,1.9019566094298876,0.8799217619225065,0.9840508115745968,0.6866481100799277,0.727243273408839,0.7432467615046736,0.6407942238265948,0.7112849953162074,0.0,0.0,0.0,0.0,0.0,0.0,0.0,0.0,0.0,0.0,0.0,0.0,0.0,0.0,0.0,0.0,0.0,,multimodal,5.0,5.0,6.0,6.0,shape_niceness_med_04,/Users/cat2510/MMIO/full_dataset/shape_niceness/results_multimodal_vague/shape_niceness_med_04.explore_replay.pkl,/Users/cat2510/MMIO/full_dataset/shape_niceness/results_multimodal_vague/shape_niceness_med_04.json,0,18,2.4773179590799717,1.6173456295807016,2.102193805719532,1.9800066361345727,1.937758496689438,1.9019566094298876,0.8799217619225065,0.9840508115745968,0.6866481100799277,0.727243273408839,0.7432467615046736,0.6407942238265948,0.7112849953162074,baseline,completed
18,1.9469008339075693,1.602620934129162,1.900833416707817,1.8647223397095405,1.8335703203148717,1.8739049908474301,0.871772959651478,0.948627972638592,0.7391985542479884,0.7708706713316456,0.7792149992961172,0.7040000000000092,0.7630263112478574,0.0,0.0,0.0,0.0,0.0,0.0,0.0,0.0,0.0,0.0,0.0,0.0,0.0,0.0,0.0,0.0,0.0,,multimodal,5.0,5.0,6.0,6.0,shape_niceness_med_05,/Users/cat2510/MMIO/full_dataset/shape_niceness/results_multimodal_vague/shape_niceness_med_05.explore_replay.pkl,/Users/cat2510/MMIO/full_dataset/shape_niceness/results_multimodal_vague/shape_niceness_med_05.json,0,18,1.9469008339075693,1.602620934129162,1.900833416707817,1.8647223397095405,1.8335703203148717,1.8739049908474301,0.871772959651478,0.948627972638592,0.7391985542479884,0.7708706713316456,0.7792149992961172,0.7040000000000092,0.7630263112478574,baseline,completed
18,2.047886251735262,1.5241798586335484,1.9536892107357182,1.8245212241705595,1.7876962950353115,1.8714699072558367,0.9144500701106134,0.9981065728969322,0.7694569533497414,0.8089457566800373,0.8221426355588838,0.6866201086354485,0.8178457055986981,-0.05349360404904191,-0.015481360078444029,-0.06408439371650437,-0.06408439371650437,-0.07070047591700401,-0.056781124732354415,-0.059653319539800354,-0.04758234711059117,0.007629672011435273,-0.005521129758700671,0.021452939550122396,0.021452939550122396,0.029109525624248955,0.021141004599690483,0.01875496638430041,0.06204299296874438,0.017699908732801806,,multimodal,4.0,4.0,4.0,4.0,shape_niceness_med_06,/Users/cat2510/MMIO/full_dataset/shape_niceness/results_multimodal_vague/shape_niceness_med_06.explore_replay.pkl,/Users/cat2510/MMIO/full_dataset/shape_niceness/results_multimodal_vague/shape_niceness_med_06.json,1,18,1.9943926476862202,1.5086984985551044,1.8829887348187142,1.767740099438205,1.7280429754955111,1.8238875601452456,0.9220797421220487,0.9925854431382315,0.7985664789739904,0.8300867612797278,0.8408976019431842,0.7486631016041929,0.8355456143314999,resolve,completed
18,2.049860493379298,1.585858168431482,1.9592639566249774,1.8772403970382776,1.8369996964250899,1.9010773265802103,0.8848440323467659,0.9752643972576726,0.7460437732887217,0.7731411139382572,0.7854642964557482,0.72688401924087,0.7632057107675779,0.0,-0.010025632660779715,-0.0360922775788068,-0.030076897982338997,0.0,-0.019495334030933398,-0.020989138459728496,0.0,0.0029866831506311087,0.0,0.010752059342272214,0.008960049451893512,0.0,0.004476856911279858,0.003864384486355288,0.0,0.0,,multimodal,5.0,5.0,6.0,6.0,shape_niceness_med_07,/Users/cat2510/MMIO/full_dataset/shape_niceness/results_multimodal_vague/shape_niceness_med_07.explore_replay.pkl,/Users/cat2510/MMIO/full_dataset/shape_niceness/results_multimodal_vague/shape_niceness_med_07.json,1,18,2.049860493379298,1.5758325357707024,1.9592639566249774,1.8577450630073442,1.8160105579653614,1.9010773265802103,0.887830715497397,0.9752643972576726,0.7460437732887217,0.7776179708495371,0.7893286809421035,0.72688401924087,0.7632057107675779,swap_assignments,completed
18,2.271679725835092,1.552410220154757,2.1397420830443252,1.9262119107323508,1.8664968522795642,2.0410456803707127,0.9085337831497436,0.9857500362965993,0.7219529192937842,0.7920354744416074,0.8105940487939312,0.6895083236548284,0.7452278686542068,0.0,0.0,0.0,0.0,0.0,0.0,0.0,0.0,0.0,0.0,0.0,0.0,0.0,0.0,0.0,0.0,0.0,,multimodal,5.0,5.0,6.0,6.0,shape_niceness_med_08,/Users/cat2510/MMIO/full_dataset/shape_niceness/results_multimodal_vague/shape_niceness_med_08.explore_replay.pkl,/Users/cat2510/MMIO/full_dataset/shape_niceness/results_multimodal_vague/shape_niceness_med_08.json,0,18,2.271679725835092,1.552410220154757,2.1397420830443252,1.9262119107323508,1.8664968522795642,2.0410456803707127,0.9085337831497436,0.9857500362965993,0.7219529192937842,0.7920354744416074,0.8105940487939312,0.6895083236548284,0.7452278686542068,baseline,completed
18,1.887975608106246,1.5100691977360825,1.8011367948191266,1.7609924027055537,1.7427943063436884,1.7514956056537652,0.9163637180842438,0.9909493414927941,0.7609287222415695,0.7915304284976832,0.8019057589347408,0.68633378505158,0.8089020444682109,0.0,0.0,0.0,0.0,0.0,0.0,0.0,0.0,0.0,0.0,0.0,0.0,0.0,0.0,0.0,0.0,0.0,,multimodal,5.0,5.0,6.0,6.0,shape_niceness_med_09,/Users/cat2510/MMIO/full_dataset/shape_niceness/results_multimodal_vague/shape_niceness_med_09.explore_replay.pkl,/Users/cat2510/MMIO/full_dataset/shape_niceness/results_multimodal_vague/shape_niceness_med_09.json,0,18,1.887975608106246,1.5100691977360825,1.8011367948191266,1.7609924027055537,1.7427943063436884,1.7514956056537652,0.9163637180842438,0.9909493414927941,0.7609287222415695,0.7915304284976832,0.8019057589347408,0.68633378505158,0.8089020444682109,baseline,completed
18,1.7718362577271376,1.490665230109432,1.6872451650510627,1.6515731349712026,1.6346311162870084,1.6329984872973233,0.9196148548031743,0.9806020753451942,0.8456270965581819,0.8605886988624822,0.8665395806205886,0.8269277845777452,0.85573443371405,0.0,-0.006183764828699978,0.0,-0.007898314054944714,0.0,0.0,-6.202343682559786e-05,0.0,0.0035699528370862765,0.002316954882534361,0.0,0.0,0.0,0.0,0.0,0.0,0.0,,multimodal,5.0,5.0,6.0,6.0,shape_niceness_med_10,/Users/cat2510/MMIO/full_dataset/shape_niceness/results_multimodal_vague/shape_niceness_med_10.explore_replay.pkl,/Users/cat2510/MMIO/full_dataset/shape_niceness/results_multimodal_vague/shape_niceness_med_10.json,1,18,1.7718362577271376,1.484481465280732,1.6872451650510627,1.6515731349712026,1.6345690928501828,1.6329984872973233,0.9231848076402606,0.9829190302277285,0.8456270965581819,0.8605886988624822,0.8665395806205886,0.8269277845777452,0.85573443371405,force_assign,completed
18,1.9528640545585891,1.505606283708384,1.84714352389204,1.730059777238343,1.6985521471534522,1.7846177743684322,0.9112349585847489,0.9925725708751044,0.7484493015061098,0.7855153827753456,0.7998531740403951,0.73066980023506,0.7602167019837697,0.0,0.0,0.0,0.0,0.0,0.0,0.0,0.0,0.0,0.0,0.0,0.0,0.0,0.0,0.0,0.0,0.0,,multimodal,5.0,5.0,6.0,6.0,shape_niceness_med_11,/Users/cat2510/MMIO/full_dataset/shape_niceness/results_multimodal_vague/shape_niceness_med_11.explore_replay.pkl,/Users/cat2510/MMIO/full_dataset/shape_niceness/results_multimodal_vague/shape_niceness_med_11.json,0,18,1.9528640545585891,1.505606283708384,1.84714352389204,1.730059777238343,1.6985521471534522,1.7846177743684322,0.9112349585847489,0.9925725708751044,0.7484493015061098,0.7855153827753456,0.7998531740403951,0.73066980023506,0.7602167019837697,baseline,completed
18,1.690613798872243,1.4470346776887906,1.635734494934727,1.5903994171074065,1.5757867623269,1.583640778978746,0.9465541655202981,0.9926371964366841,0.8622722494514553,0.8816988878216028,0.888763992008716,0.8145063801208322,0.8874700580278226,0.0,-0.004498392752779967,-0.05332505811876653,-0.042660046495013225,-0.03243017958043559,-0.028441664751071016,-0.025813149376967548,-0.02918716162239199,-0.0011961444708407099,0.0,0.010114037814408228,-0.0018947468072474604,-0.002902790562905322,0.0003511193778292787,-0.0003015577687830451,0.0,-0.0026125115066145677,,multimodal,4.0,4.0,5.0,5.0,shape_niceness_med_12,/Users/cat2510/MMIO/full_dataset/shape_niceness/results_multimodal_vague/shape_niceness_med_12.explore_replay.pkl,/Users/cat2510/MMIO/full_dataset/shape_niceness/results_multimodal_vague/shape_niceness_med_12.json,2,18,1.690613798872243,1.4425362849360106,1.6033043153542914,1.5619577523563355,1.5499736129499324,1.5544536173563541,0.9453580210494574,0.9926371964366841,0.85936945888855,0.882050007199432,0.888462434239933,0.8145063801208322,0.8848575465212081,resolve,completed
18,1.779006765390072,1.5028006556877733,1.7135336606783564,1.6688308160189849,1.6486536535084613,1.6690117168705854,0.9119611458019214,0.9732101177037396,0.8238754883131579,0.8360330842014909,0.8419933821337495,0.7824973319103226,0.8461695459047913,0.0,0.0,0.0,0.0,0.0,0.0,0.0,0.0,0.0,0.0,0.0,0.0,0.0,0.0,0.0,0.0,0.0,,multimodal,5.0,5.0,6.0,6.0,shape_niceness_med_13,/Users/cat2510/MMIO/full_dataset/shape_niceness/results_multimodal_vague/shape_niceness_med_13.explore_replay.pkl,/Users/cat2510/MMIO/full_dataset/shape_niceness/results_multimodal_vague/shape_niceness_med_13.json,0,18,1.779006765390072,1.5028006556877733,1.7135336606783564,1.6688308160189849,1.6486536535084613,1.6690117168705854,0.9119611458019214,0.9732101177037396,0.8238754883131579,0.8360330842014909,0.8419933821337495,0.7824973319103226,0.8461695459047913,baseline,completed
18,1.9511099438645496,1.5054034463249428,1.8457397004719935,1.7653336168252802,1.7271866660158481,1.772701735208935,0.9109080009591286,0.9884629839510835,0.7596994173617224,0.7977748228086038,0.814390548317098,0.7372229760290656,0.7726386722795471,-0.10717325617188278,-0.026592842015175977,-0.09573423125463436,-0.07977852604552864,-0.09968727046815329,-0.09573423125463432,-0.07977852604552882,-0.09361630152924239,0.007029783913792498,0.0,0.025307222089652394,0.021089351741376994,0.025376569673949967,0.025307222089652526,0.02108935174137705,0.029462076370244894,0.0292652743531312,,multimodal,5.0,5.0,6.0,6.0,shape_niceness_med_14,/Users/cat2510/MMIO/full_dataset/shape_niceness/results_multimodal_vague/shape_niceness_med_14.explore_replay.pkl,/Users/cat2510/MMIO/full_dataset/shape_niceness/results_multimodal_vague/shape_niceness_med_14.json,1,18,1.8439366876926668,1.4788106043097669,1.7460524300038403,1.669599385570646,1.6474081399703193,1.6790854336796925,0.9179377848729211,0.9884629839510835,0.7850759870356724,0.8230820448982563,0.8354799000584751,0.7666850523993105,0.8019039466326783,force_assign,completed
18,1.9009035687708047,1.5499820530609243,1.7680278432472487,1.707630863657533,1.6901501469567013,1.685857788960337,0.8969882442082899,0.9545317507867503,0.7838238430347134,0.8118516382851226,0.823757535013946,0.720575783234461,0.8180288212092834,0.0,-0.026376702574777644,-0.07314792827718986,-0.060956606897658215,0.0,-0.005103587118129749,-0.011575386045091118,0.0,0.011491253225811127,0.013419421981372914,0.03820089955025394,0.03183408295854495,0.01116400492448677,0.014858303281866547,0.01397268738818247,0.0,0.01828251379253465,,multimodal,5.0,5.0,6.0,6.0,shape_niceness_med_15,/Users/cat2510/MMIO/full_dataset/shape_niceness/results_multimodal_vague/shape_niceness_med_15.explore_replay.pkl,/Users/cat2510/MMIO/full_dataset/shape_niceness/results_multimodal_vague/shape_niceness_med_15.json,1,18,1.9009035687708047,1.5236053504861466,1.7680278432472487,1.7025272765394033,1.6785747609116102,1.685857788960337,0.9084794974341011,0.9679511727681233,0.7949878479592002,0.8267099415669892,0.8377302224021285,0.720575783234461,0.8363113350018181,force_assign,completed
18,1.9450673463374653,1.6051803097805326,1.9036767110127144,1.8496849414288683,1.8201849706149735,1.8783153134230985,0.8855367916394592,0.964834867949862,0.7539253563613887,0.7828795304921309,0.7930411028563098,0.6997817995122435,0.7831773363130272,-0.05042075316902572,-0.022359184959493517,-0.10677667079807725,-0.0889805589983977,-0.06850995158153594,-0.07094516884287216,-0.05912097403572658,-0.08784503620264772,0.006215325997538712,0.0,0.05101598857356195,0.04251332381130163,0.05154291994631399,0.03396225904721628,0.028301882539346845,0.07576483145605306,0.03885752752532923,,multimodal,5.0,5.0,6.0,6.0,shape_niceness_med_16,/Users/cat2510/MMIO/full_dataset/shape_niceness/results_multimodal_vague/shape_niceness_med_16.explore_replay.pkl,/Users/cat2510/MMIO/full_dataset/shape_niceness/results_multimodal_vague/shape_niceness_med_16.json,2,18,1.8946465931684395,1.582821124821039,1.8351667594311785,1.7787397725859961,1.761063996579247,1.7904702772204508,0.8917521176369979,0.964834867949862,0.8054682763077027,0.8168417895393472,0.8213429853956566,0.7755466309682966,0.8220348638383564,force_assign,completed
18,1.768782749734315,1.508081753760654,1.7295487436090247,1.6939503986553373,1.679284622454411,1.6892175781943737,0.9028458876668436,0.9855536719063224,0.785623373557088,0.8121463075646285,0.8196799252044538,0.768798313422577,0.802886906295372,0.0,0.0,0.0,0.0,0.0,0.0,0.0,0.0,0.0,0.0,0.0,0.0,0.0,0.0,0.0,0.0,0.0,,multimodal,5.0,5.0,6.0,6.0,shape_niceness_med_17,/Users/cat2510/MMIO/full_dataset/shape_niceness/results_multimodal_vague/shape_niceness_med_17.explore_replay.pkl,/Users/cat2510/MMIO/full_dataset/shape_niceness/results_multimodal_vague/shape_niceness_med_17.json,0,18,1.768782749734315,1.508081753760654,1.7295487436090247,1.6939503986553373,1.679284622454411,1.6892175781943737,0.9028458876668436,0.9855536719063224,0.785623373557088,0.8121463075646285,0.8196799252044538,0.768798313422577,0.802886906295372,baseline,completed
18,1.8827138246236481,1.5744592377539655,1.8218937171504994,1.7918036580634216,1.7746381854683635,1.786223639657664,0.8900579656656222,0.9780953156200803,0.7476548067896597,0.7747768421271743,0.7884146640367854,0.7217186975494809,0.7677037661069175,0.0,-0.01330517147507626,-0.047898617310273915,-0.03991551442522826,0.014121854744666873,-0.0025919917578729468,-0.01125708560848171,0.023229716782722676,0.006837527328504178,0.0072971395213189405,-0.002012976870651784,-0.001677480725543153,-0.00335496145108638,-0.002012976870651828,-0.00167748072554319,-0.010064884353258918,0.0,,multimodal,5.0,5.0,6.0,6.0,shape_niceness_med_18,/Users/cat2510/MMIO/full_dataset/shape_niceness/results_multimodal_vague/shape_niceness_med_18.explore_replay.pkl,/Users/cat2510/MMIO/full_dataset/shape_niceness/results_multimodal_vague/shape_niceness_med_18.json,1,18,1.8827138246236481,1.5611540662788892,1.8360155718951663,1.7892116663055486,1.7633810998598818,1.8094533564403867,0.8968954929941264,0.9853924551413993,0.7442998453385733,0.7727638652565225,0.7867371833112422,0.711653813196222,0.7677037661069175,force_assign,completed
18,2.1805659911370197,1.6256425209016128,2.0746360634062273,1.9366563918775541,1.8962083696098366,1.9772035502256669,0.8822875918238455,0.9773100992285301,0.7101839606353361,0.7492349244038745,0.7692173733422091,0.6555938577247438,0.7593714274247251,0.0,-0.00470265192292052,-0.005909967529558813,-0.004924972941299011,0.0,-0.004010601600308306,-0.004924972941299011,0.0,0.00456772752441581,-0.0037499392018621736,0.019435642848650358,0.016196369040541964,0.0033764938891608365,0.01538391352160362,0.014791521236945604,0.0,0.00709063716723779,,multimodal,5.0,5.0,6.0,6.0,shape_niceness_med_19,/Users/cat2510/MMIO/full_dataset/shape_niceness/results_multimodal_vague/shape_niceness_med_19.explore_replay.pkl,/Users/cat2510/MMIO/full_dataset/shape_niceness/results_multimodal_vague/shape_niceness_med_19.json,2,18,2.1805659911370197,1.6209398689786922,2.0746360634062273,1.9326457902772458,1.8912833966685376,1.9772035502256669,0.8868553193482613,0.9735601600266679,0.7135604545244969,0.7646188379254781,0.7840088945791547,0.6555938577247438,0.7664620645919629,force_assign,completed
18,1.7944519048713254,1.5376578268355507,1.7564073246033818,1.7367223599111399,1.7154839484517872,1.7352794910725517,0.9130679154070857,0.985612402848644,0.8090610436543916,0.8304112165680386,0.8404089591671662,0.7544097693349111,0.8447189287595234,0.0,-0.026668804521040146,-0.11637076610008341,-0.08000641356312106,-0.00700464523351596,-0.0427310215504777,-0.05273547165290249,-0.014709754990384294,0.009644610736340153,0.010090384525038187,0.026817863088507043,0.022348219240422535,-0.002886161340673432,0.00489739752106777,0.004864897409254332,0.0,-0.0025975452066060445,,multimodal,5.0,5.0,6.0,6.0,shape_niceness_med_20,/Users/cat2510/MMIO/full_dataset/shape_niceness/results_multimodal_vague/shape_niceness_med_20.explore_replay.pkl,/Users/cat2510/MMIO/full_dataset/shape_niceness/results_multimodal_vague/shape_niceness_med_20.json,2,18,1.7944519048713254,1.5109890223145106,1.7494026793698658,1.6939913383606622,1.6627484767988847,1.7205697360821675,0.9227125261434258,0.9957027873736822,0.8061748823137181,0.8353086140891064,0.8452738565764205,0.7544097693349111,0.8421213835529173,force_assign,completed
18,1.9097754716888822,1.530320409458258,1.8159574327262595,1.7590996504420118,1.741737689683558,1.7368947756507016,0.9042743166554771,0.9867412752064247,0.805065123001023,0.8164877897173749,0.8215972569232654,0.7879379542249915,0.8143010029350093,-0.028748259492213935,-0.006937467185529345,-0.07470331819798628,-0.07470331819798628,-0.00958275316407109,-0.005667370566361241,-0.017393563713688165,0.0,0.00323278980894548,0.0,0.02966906529670124,0.023735252237360994,0.010843790020296007,0.01262695365427935,0.012958647685512359,0.02401001429912064,0.004620357941295894,,multimodal,5.0,4.0,5.0,5.0,shape_niceness_med_21,/Users/cat2510/MMIO/full_dataset/shape_niceness/results_multimodal_vague/shape_niceness_med_21.explore_replay.pkl,/Users/cat2510/MMIO/full_dataset/shape_niceness/results_multimodal_vague/shape_niceness_med_21.json,1,18,1.8810272121966682,1.5233829422727287,1.8063746795621884,1.7534322798756505,1.7243441259698697,1.7368947756507016,0.9075071064644226,0.9867412752064247,0.815908913021319,0.8291147433716543,0.8345559046087777,0.8119479685241121,0.8189213608763052,resolve,completed
18,2.006044590420831,1.5598128896464338,1.807081483087804,1.7316188647202775,1.7082748911925876,1.67883381053437,0.9129599962246251,0.977223551084379,0.8114978557864401,0.828419068838002,0.8386293331194005,0.7477696674778873,0.8451522473803484,0.0,-0.016830706825322395,-0.014139333442640067,-0.011782777868866723,0.0,-0.002694842758230065,-0.0028863239290561893,0.0,-0.0014306817512850234,0.0003332971655883865,0.0,0.0,0.0,0.0,0.0,0.0,0.0,,multimodal,5.0,5.0,6.0,6.0,shape_niceness_med_22,/Users/cat2510/MMIO/full_dataset/shape_niceness/results_multimodal_vague/shape_niceness_med_22.explore_replay.pkl,/Users/cat2510/MMIO/full_dataset/shape_niceness/results_multimodal_vague/shape_niceness_med_22.json,2,18,2.006044590420831,1.5429821828211114,1.807081483087804,1.7289240219620474,1.7053885672635314,1.67883381053437,0.9115293144733401,0.9775568482499674,0.8114978557864401,0.828419068838002,0.8386293331194005,0.7477696674778873,0.8451522473803484,force_assign,completed
18,1.7530555452645389,1.5373196430855542,1.7340576685064482,1.7055263170137187,1.6856393662311187,1.7158141247346244,0.9127850390584437,0.9714447602397942,0.8426754581358598,0.851849842920976,0.8585135740308778,0.8251711427066724,0.8523090834766887,0.0,-0.009487431170369653,-0.026131130898491995,-0.021775942415409994,0.0,-0.021150048744692285,-0.017858891628783846,0.0,0.008259793410702043,0.0008130056008108788,0.0297352562785276,0.024779380232106334,0.007796666485209047,0.0152960960682057,0.013452611081789079,0.0,0.014610064366468611,,multimodal,5.0,5.0,6.0,6.0,shape_niceness_med_23,/Users/cat2510/MMIO/full_dataset/shape_niceness/results_multimodal_vague/shape_niceness_med_23.explore_replay.pkl,/Users/cat2510/MMIO/full_dataset/shape_niceness/results_multimodal_vague/shape_niceness_med_23.json,1,18,1.7530555452645389,1.5278322119151846,1.7340576685064482,1.6843762682690264,1.6677804746023348,1.7158141247346244,0.9210448324691457,0.9722577658406051,0.8504721246210688,0.8671459389891817,0.8719661851126669,0.8251711427066724,0.8669191478431573,force_assign,completed
18,1.8283190767980233,1.4458567143500751,1.6831687394365762,1.633261710773618,1.615631306108907,1.6068901118198202,0.9314273958856548,0.9985686705278788,0.8083902729021296,0.8305152297977422,0.8450155650613201,0.7996117043406948,0.8153567972804353,0.0,0.0,0.0,0.0,0.0,0.0,0.0,0.0,0.0,0.0,0.0,0.0,0.0,0.0,0.0,0.0,0.0,,multimodal,5.0,5.0,6.0,6.0,shape_niceness_med_24,/Users/cat2510/MMIO/full_dataset/shape_niceness/results_multimodal_vague/shape_niceness_med_24.explore_replay.pkl,/Users/cat2510/MMIO/full_dataset/shape_niceness/results_multimodal_vague/shape_niceness_med_24.json,2,18,1.8283190767980233,1.4458567143500751,1.6831687394365762,1.633261710773618,1.615631306108907,1.6068901118198202,0.9314273958856548,0.9985686705278788,0.8083902729021296,0.8305152297977422,0.8450155650613201,0.7996117043406948,0.8153567972804353,resolve,completed
18,2.0513254356081605,1.481690110625002,1.824837216025801,1.7054208830046158,1.6687761849353049,1.7002179398727661,0.9197081508916654,0.9828078669116421,0.7768253079541334,0.8230243304808098,0.8368861858137119,0.7107765451664937,0.8274327639934902,0.0,0.0,0.0,0.0,0.0,0.0,0.0,0.0,0.0,0.0,0.0,0.0,0.0,0.0,0.0,0.0,0.0,,multimodal,5.0,5.0,6.0,6.0,shape_niceness_med_25,/Users/cat2510/MMIO/full_dataset/shape_niceness/results_multimodal_vague/shape_niceness_med_25.explore_replay.pkl,/Users/cat2510/MMIO/full_dataset/shape_niceness/results_multimodal_vague/shape_niceness_med_25.json,0,18,2.0513254356081605,1.481690110625002,1.824837216025801,1.7054208830046158,1.6687761849353049,1.7002179398727661,0.9197081508916654,0.9828078669116421,0.7768253079541334,0.8230243304808098,0.8368861858137119,0.7107765451664937,0.8274327639934902,baseline,completed
18,2.146903430842472,1.5464115094562265,1.9767344049512336,1.8639729643953102,1.8231365797675725,1.8631545623609436,0.9031260286477075,0.9957733038764798,0.7543674521972585,0.7871526404543905,0.7998657595222971,0.685352622061574,0.8042015998854439,-0.1840152147251799,-0.03932940139591423,-0.1415858450252911,-0.11798820418774258,-0.1895893866799978,-0.1415858450252907,-0.11798820418774247,-0.19000993917967102,0.010029072940055728,0.0,0.03610466258420138,0.03008721882016781,0.051521212511212,0.03610466258420153,0.03008721882016785,0.06520541365266885,0.03189729147599074,,multimodal,5.0,5.0,6.0,6.0,shape_niceness_med_26,/Users/cat2510/MMIO/full_dataset/shape_niceness/results_multimodal_vague/shape_niceness_med_26.explore_replay.pkl,/Users/cat2510/MMIO/full_dataset/shape_niceness/results_multimodal_vague/shape_niceness_med_26.json,1,18,1.962888216117292,1.5070821080603123,1.7871450182712358,1.7223871193700195,1.70514837557983,1.6731446231812726,0.9131551015877633,0.9957733038764798,0.8058886647084705,0.823257303038592,0.829952978342465,0.7505580357142428,0.8360988913614347,force_assign,completed
18,1.9358686174874449,1.5018431401757997,1.7733948378213995,1.6979566283366156,1.6728067514158358,1.6719470393368998,0.9263410868465893,0.9864824655125725,0.7848639030047195,0.8358451767845413,0.8492891369804404,0.739468110143623,0.830089905213965,0.0,0.0,0.0,0.0,0.0,0.0,0.0,0.0,0.0,0.0,0.0,0.0,0.0,0.0,0.0,0.0,0.0,,multimodal,5.0,5.0,6.0,6.0,shape_niceness_med_27,/Users/cat2510/MMIO/full_dataset/shape_niceness/results_multimodal_vague/shape_niceness_med_27.explore_replay.pkl,/Users/cat2510/MMIO/full_dataset/shape_niceness/results_multimodal_vague/shape_niceness_med_27.json,2,18,1.9358686174874449,1.5018431401757997,1.7733948378213995,1.6979566283366156,1.6728067514158358,1.6719470393368998,0.9263410868465893,0.9864824655125725,0.7848639030047195,0.8358451767845413,0.8492891369804404,0.739468110143623,0.830089905213965,resolve,completed
18,1.9128871389468758,1.5302005423964837,1.7904729830051238,1.7396637378084379,1.7199433720234587,1.7134480325448147,0.9099711315962478,0.9770763081619028,0.8125194796084635,0.8365998054494845,0.8440821537312265,0.7479051951163358,0.8481860946458651,0.0,0.0,0.0,0.0,0.0,0.0,0.0,0.0,0.0,0.0,0.0,0.0,0.0,0.0,0.0,0.0,0.0,,multimodal,5.0,5.0,6.0,6.0,shape_niceness_med_28,/Users/cat2510/MMIO/full_dataset/shape_niceness/results_multimodal_vague/shape_niceness_med_28.explore_replay.pkl,/Users/cat2510/MMIO/full_dataset/shape_niceness/results_multimodal_vague/shape_niceness_med_28.json,0,18,1.9128871389468758,1.5302005423964837,1.7904729830051238,1.7396637378084379,1.7199433720234587,1.7134480325448147,0.9099711315962478,0.9770763081619028,0.8125194796084635,0.8365998054494845,0.8440821537312265,0.7479051951163358,0.8481860946458651,baseline,completed
18,1.789023517015719,1.504533262752159,1.7569643663887262,1.6907994816010365,1.6690452476970623,1.7232818535179513,0.9137290546613781,0.9911047266287962,0.7935506875443238,0.8296724461016523,0.8393643723322048,0.7632590315142904,0.8253519376304767,-0.0039563820472936495,-0.027634288476356295,-0.07004630492187305,-0.05837192076822754,-0.049466815580800017,-0.04617229588953142,-0.04934017140130087,-0.09215069798294007,0.01250286893917929,0.0041625588783213985,0.014170744894813469,0.020484993418344272,0.007558742812011077,0.005565996117703476,0.006075297778192379,0.0,0.0068028685308100245,,multimodal,5.0,5.0,6.0,6.0,shape_niceness_med_29,/Users/cat2510/MMIO/full_dataset/shape_niceness/results_multimodal_vague/shape_niceness_med_29.explore_replay.pkl,/Users/cat2510/MMIO/full_dataset/shape_niceness/results_multimodal_vague/shape_niceness_med_29.json,2,18,1.7850671349684253,1.4768989742758027,1.7074975508079262,1.6446271857115051,1.6197050762957614,1.6311311555350112,0.9262319236005574,0.9952672855071176,0.8011094303563349,0.8352384422193557,0.8454396701103972,0.7632590315142904,0.8321548061612867,force_assign,completed
18,1.762597932644546,1.4819638694922024,1.7197107984075715,1.6601891111498304,1.6448829121046888,1.6797562979289367,0.9348161921995799,0.9912821896033351,0.8440423411583159,0.8616848037021502,0.8695534692772736,0.8203950390446676,0.856449048033887,0.0,0.0,0.0,0.0,0.0,0.0,0.0,0.0,0.0,0.0,0.0,0.0,0.0,0.0,0.0,0.0,0.0,,tools_only,5.0,5.0,6.0,6.0,shape_niceness_med_00,/Users/cat2510/MMIO/full_dataset/shape_niceness/results_tools_only_vague/shape_niceness_med_00.explore_replay.pkl,/Users/cat2510/MMIO/full_dataset/shape_niceness/results_tools_only_vague/shape_niceness_med_00.json,0,18,1.762597932644546,1.4819638694922024,1.7197107984075715,1.6601891111498304,1.6448829121046888,1.6797562979289367,0.9348161921995799,0.9912821896033351,0.8440423411583159,0.8616848037021502,0.8695534692772736,0.8203950390446676,0.856449048033887,baseline,completed
18,1.8140368558558984,1.5064674642108005,1.754062063101604,1.7076882935422883,1.6878038045589294,1.72388973730976,0.9151345980535142,0.9892655268892439,0.824725691659372,0.8395231179689805,0.848811881527895,0.8111093577403694,0.8352839515349247,0.0,0.0,0.0,0.0,0.0,0.0,0.0,0.0,0.0,0.0,0.0,0.0,0.0,0.0,0.0,0.0,0.0,,tools_only,5.0,5.0,6.0,6.0,shape_niceness_med_01,/Users/cat2510/MMIO/full_dataset/shape_niceness/results_tools_only_vague/shape_niceness_med_01.explore_replay.pkl,/Users/cat2510/MMIO/full_dataset/shape_niceness/results_tools_only_vague/shape_niceness_med_01.json,0,18,1.8140368558558984,1.5064674642108005,1.754062063101604,1.7076882935422883,1.6878038045589294,1.72388973730976,0.9151345980535142,0.9892655268892439,0.824725691659372,0.8395231179689805,0.848811881527895,0.8111093577403694,0.8352839515349247,baseline,completed
18,1.6407671265060466,1.4840016939891973,1.6246978540500188,1.5980107540382715,1.5853316609450971,1.614400593529603,0.9296483261356348,0.9849402649570451,0.8336841790896651,0.8528218030945018,0.8610168412241377,0.7619329097087987,0.8696464136712565,0.0,0.0,0.0,0.0,0.0,0.0,0.0,0.0,0.0,0.0,0.0,0.0,0.0,0.0,0.0,0.0,0.0,,tools_only,5.0,5.0,6.0,6.0,shape_niceness_med_02,/Users/cat2510/MMIO/full_dataset/shape_niceness/results_tools_only_vague/shape_niceness_med_02.explore_replay.pkl,/Users/cat2510/MMIO/full_dataset/shape_niceness/results_tools_only_vague/shape_niceness_med_02.json,0,18,1.6407671265060466,1.4840016939891973,1.6246978540500188,1.5980107540382715,1.5853316609450971,1.614400593529603,0.9296483261356348,0.9849402649570451,0.8336841790896651,0.8528218030945018,0.8610168412241377,0.7619329097087987,0.8696464136712565,baseline,completed
18,2.02620768038638,1.5887196830848347,1.9574187902134927,1.870738425842585,1.843053308379513,1.912560905050324,0.8782808806727562,0.9869700741367181,0.7198157950160837,0.7458134305343121,0.7554908781691613,0.6604938271604035,0.7567434342668783,0.0,0.0,0.0,0.0,0.0,0.0,0.0,0.0,0.0,0.0,0.0,0.0,0.0,0.0,0.0,0.0,0.0,,tools_only,5.0,5.0,6.0,6.0,shape_niceness_med_03,/Users/cat2510/MMIO/full_dataset/shape_niceness/results_tools_only_vague/shape_niceness_med_03.explore_replay.pkl,/Users/cat2510/MMIO/full_dataset/shape_niceness/results_tools_only_vague/shape_niceness_med_03.json,0,18,2.02620768038638,1.5887196830848347,1.9574187902134927,1.870738425842585,1.843053308379513,1.912560905050324,0.8782808806727562,0.9869700741367181,0.7198157950160837,0.7458134305343121,0.7554908781691613,0.6604938271604035,0.7567434342668783,baseline,completed
18,2.4773179590799717,1.6173456295807016,2.102193805719532,1.9800066361345727,1.937758496689438,1.9019566094298876,0.8799217619225065,0.9840508115745968,0.6866481100799277,0.727243273408839,0.7432467615046736,0.6407942238265948,0.7112849953162074,0.0,0.0,0.0,0.0,0.0,0.0,0.0,0.0,0.0,0.0,0.0,0.0,0.0,0.0,0.0,0.0,0.0,,tools_only,5.0,5.0,6.0,6.0,shape_niceness_med_04,/Users/cat2510/MMIO/full_dataset/shape_niceness/results_tools_only_vague/shape_niceness_med_04.explore_replay.pkl,/Users/cat2510/MMIO/full_dataset/shape_niceness/results_tools_only_vague/shape_niceness_med_04.json,0,18,2.4773179590799717,1.6173456295807016,2.102193805719532,1.9800066361345727,1.937758496689438,1.9019566094298876,0.8799217619225065,0.9840508115745968,0.6866481100799277,0.727243273408839,0.7432467615046736,0.6407942238265948,0.7112849953162074,baseline,completed
18,1.9469008339075693,1.602620934129162,1.900833416707817,1.8647223397095405,1.8335703203148717,1.8739049908474301,0.871772959651478,0.948627972638592,0.7391985542479884,0.7708706713316456,0.7792149992961172,0.7040000000000092,0.7630263112478574,0.0,-0.0014010101281431986,0.0017354614881347264,0.0014462179067789387,0.0,0.0017354614881348596,0.0014462179067791237,0.0,0.00015127169126838425,0.0,0.000139660121823737,0.00011638343485311416,0.00023276686970630234,0.0001396601218237592,0.00011638343485320668,0.0,0.0004888104263830462,,tools_only,5.0,5.0,6.0,6.0,shape_niceness_med_05,/Users/cat2510/MMIO/full_dataset/shape_niceness/results_tools_only_vague/shape_niceness_med_05.explore_replay.pkl,/Users/cat2510/MMIO/full_dataset/shape_niceness/results_tools_only_vague/shape_niceness_med_05.json,1,18,1.9469008339075693,1.6012199240010188,1.900833416707817,1.8664578011976753,1.8350165382216508,1.8739049908474301,0.8719242313427464,0.948627972638592,0.7394313211176947,0.7710103314534693,0.7793313827309704,0.7040000000000092,0.7635151216742404,force_assign,completed
18,2.047886251735262,1.5241798586335484,1.9536892107357182,1.8245212241705595,1.7876962950353115,1.8714699072558367,0.9144500701106134,0.9981065728969322,0.7694569533497414,0.8089457566800373,0.8221426355588838,0.6866201086354485,0.8178457055986981,0.0,-0.010179259845571664,-0.03664533544405737,-0.030537779536714476,-0.061075559073428876,-0.036645335444057237,-0.030537779536714327,-0.06615365971196141,-6.867195216342381e-05,0.0,-0.00024721902778894743,-0.00020601585649078954,0.006258318936661844,-0.00024721902778901406,-0.00020601585649093757,0.0,0.005632487042995682,,tools_only,5.0,5.0,6.0,6.0,shape_niceness_med_06,/Users/cat2510/MMIO/full_dataset/shape_niceness/results_tools_only_vague/shape_niceness_med_06.explore_replay.pkl,/Users/cat2510/MMIO/full_dataset/shape_niceness/results_tools_only_vague/shape_niceness_med_06.json,1,18,2.047886251735262,1.5140005987879768,1.8926136516622893,1.7878758887265023,1.7571585154985971,1.8053162475438753,0.91438139815845,0.9981065728969322,0.7757152722864032,0.8086985376522483,0.8219366197023928,0.6866201086354485,0.8234781926416938,force_assign,completed
18,2.049860493379298,1.585858168431482,1.9592639566249774,1.8772403970382776,1.8369996964250899,1.9010773265802103,0.8848440323467659,0.9752643972576726,0.7460437732887217,0.7731411139382572,0.7854642964557482,0.72688401924087,0.7632057107675779,-0.16811570930049768,-0.08200261749263005,-0.2971612335222606,-0.2476343612685505,-0.17085781294544833,-0.1649683815970615,-0.1463071546170127,-0.20171675514861276,0.029752900800201876,0.014008048752076618,0.1165765091294814,0.09714709094123451,0.03438342594800403,0.035139295630832734,0.03288346879780213,0.0,0.05918028646864848,,tools_only,5.0,5.0,6.0,6.0,shape_niceness_med_07,/Users/cat2510/MMIO/full_dataset/shape_niceness/results_tools_only_vague/shape_niceness_med_07.explore_replay.pkl,/Users/cat2510/MMIO/full_dataset/shape_niceness/results_tools_only_vague/shape_niceness_med_07.json,4,18,1.8817447840788004,1.503855550938852,1.788406143679529,1.712272015441216,1.6906925418080772,1.6993605714315976,0.9145969331469678,0.9892724460097492,0.7804271992367258,0.80828040956909,0.8183477652535504,0.72688401924087,0.8223859972362264,force_assign,completed
18,2.271679725835092,1.552410220154757,2.1397420830443252,1.9262119107323508,1.8664968522795642,2.0410456803707127,0.9085337831497436,0.9857500362965993,0.7219529192937842,0.7920354744416074,0.8105940487939312,0.6895083236548284,0.7452278686542068,0.0,0.0,0.0,0.0,0.0,0.0,0.0,0.0,0.0,0.0,0.0,0.0,0.0,0.0,0.0,0.0,0.0,,tools_only,5.0,5.0,6.0,6.0,shape_niceness_med_08,/Users/cat2510/MMIO/full_dataset/shape_niceness/results_tools_only_vague/shape_niceness_med_08.explore_replay.pkl,/Users/cat2510/MMIO/full_dataset/shape_niceness/results_tools_only_vague/shape_niceness_med_08.json,2,18,2.271679725835092,1.552410220154757,2.1397420830443252,1.9262119107323508,1.8664968522795642,2.0410456803707127,0.9085337831497436,0.9857500362965993,0.7219529192937842,0.7920354744416074,0.8105940487939312,0.6895083236548284,0.7452278686542068,resolve,completed
18,1.887975608106246,1.5100691977360825,1.8011367948191266,1.7609924027055537,1.7427943063436884,1.7514956056537652,0.9163637180842438,0.9909493414927941,0.7609287222415695,0.7915304284976832,0.8019057589347408,0.68633378505158,0.8089020444682109,0.0,0.0,0.0,0.0,0.0,0.0,0.0,0.0,0.0,0.0,0.0,0.0,0.0,0.0,0.0,0.0,0.0,,tools_only,5.0,5.0,6.0,6.0,shape_niceness_med_09,/Users/cat2510/MMIO/full_dataset/shape_niceness/results_tools_only_vague/shape_niceness_med_09.explore_replay.pkl,/Users/cat2510/MMIO/full_dataset/shape_niceness/results_tools_only_vague/shape_niceness_med_09.json,0,18,1.887975608106246,1.5100691977360825,1.8011367948191266,1.7609924027055537,1.7427943063436884,1.7514956056537652,0.9163637180842438,0.9909493414927941,0.7609287222415695,0.7915304284976832,0.8019057589347408,0.68633378505158,0.8089020444682109,baseline,completed
18,1.7718362577271376,1.490665230109432,1.6872451650510627,1.6515731349712026,1.6346311162870084,1.6329984872973233,0.9196148548031743,0.9806020753451942,0.8456270965581819,0.8605886988624822,0.8665395806205886,0.8269277845777452,0.85573443371405,0.005149337626092487,-0.006300375301233618,-0.022681351084441647,-0.018901125903701372,0.0311186306013016,0.007401476158643394,0.006105873362043379,0.022941063734525757,0.002027811788176015,0.008370441971961462,-0.011580042634557409,-0.00965003552879784,-0.01930007105759568,-0.011580042634557364,-0.00965003552879784,-0.05790021317278704,0.0,,tools_only,5.0,5.0,6.0,6.0,shape_niceness_med_10,/Users/cat2510/MMIO/full_dataset/shape_niceness/results_tools_only_vague/shape_niceness_med_10.explore_replay.pkl,/Users/cat2510/MMIO/full_dataset/shape_niceness/results_tools_only_vague/shape_niceness_med_10.json,1,18,1.77698559535323,1.4843648548081985,1.7183637956523643,1.658974611129846,1.6407369896490518,1.655939551031849,0.9216426665913503,0.9889725173171556,0.8263270255005862,0.8490086562279249,0.8568895450917907,0.7690275714049581,0.85573443371405,force_assign,completed
18,1.9528640545585891,1.505606283708384,1.84714352389204,1.730059777238343,1.6985521471534522,1.7846177743684322,0.9112349585847489,0.9925725708751044,0.7484493015061098,0.7855153827753456,0.7998531740403951,0.73066980023506,0.7602167019837697,0.0,0.0,0.0,0.0,0.0,0.0,0.0,0.0,0.0,0.0,0.0,0.0,0.0,0.0,0.0,0.0,0.0,,tools_only,5.0,5.0,6.0,6.0,shape_niceness_med_11,/Users/cat2510/MMIO/full_dataset/shape_niceness/results_tools_only_vague/shape_niceness_med_11.explore_replay.pkl,/Users/cat2510/MMIO/full_dataset/shape_niceness/results_tools_only_vague/shape_niceness_med_11.json,0,18,1.9528640545585891,1.505606283708384,1.84714352389204,1.730059777238343,1.6985521471534522,1.7846177743684322,0.9112349585847489,0.9925725708751044,0.7484493015061098,0.7855153827753456,0.7998531740403951,0.73066980023506,0.7602167019837697,baseline,completed
18,1.690613798872243,1.4470346776887906,1.635734494934727,1.5903994171074065,1.5757867623269,1.583640778978746,0.9465541655202981,0.9926371964366841,0.8622722494514553,0.8816988878216028,0.888763992008716,0.8145063801208322,0.8874700580278226,0.0,0.0,0.0,0.0,0.0,0.0,0.0,0.0,0.0,0.0,0.0,0.0,0.0,0.0,0.0,0.0,0.0,,tools_only,5.0,5.0,6.0,6.0,shape_niceness_med_12,/Users/cat2510/MMIO/full_dataset/shape_niceness/results_tools_only_vague/shape_niceness_med_12.explore_replay.pkl,/Users/cat2510/MMIO/full_dataset/shape_niceness/results_tools_only_vague/shape_niceness_med_12.json,3,18,1.690613798872243,1.4470346776887906,1.635734494934727,1.5903994171074065,1.5757867623269,1.583640778978746,0.9465541655202981,0.9926371964366841,0.8622722494514553,0.8816988878216028,0.888763992008716,0.8145063801208322,0.8874700580278226,swap_assignments,completed
18,1.779006765390072,1.5028006556877733,1.7135336606783564,1.6688308160189849,1.6486536535084613,1.6690117168705854,0.9119611458019214,0.9732101177037396,0.8238754883131579,0.8360330842014909,0.8419933821337495,0.7824973319103226,0.8461695459047913,-0.12767313569735728,-0.03676013485364393,-0.08899436489768364,-0.07119549191814692,-0.09976791332063484,-0.08708374915428907,-0.08335222487320015,-0.09291549677411215,0.01717992787797995,0.00970579314531228,0.041409552876931904,0.033127642301545523,0.02976584662824,0.03045953280116165,0.030869489106338244,0.05805478612871373,0.01865996884877308,,tools_only,4.0,4.0,5.0,5.0,shape_niceness_med_13,/Users/cat2510/MMIO/full_dataset/shape_niceness/results_tools_only_vague/shape_niceness_med_13.explore_replay.pkl,/Users/cat2510/MMIO/full_dataset/shape_niceness/results_tools_only_vague/shape_niceness_med_13.json,2,18,1.6513336296927148,1.4660405208341294,1.6137657473577216,1.5817470668646958,1.5653014286352611,1.5760962200964732,0.9291410736799014,0.9829159108490518,0.8536413349413979,0.8664926170026526,0.8728628712400878,0.8405521180390363,0.8648295147535644,resolve,completed
18,1.9511099438645496,1.5054034463249428,1.8457397004719935,1.7653336168252802,1.7271866660158481,1.772701735208935,0.9109080009591286,0.9884629839510835,0.7596994173617224,0.7977748228086038,0.814390548317098,0.7372229760290656,0.7726386722795471,0.0,0.0,0.0,0.0,0.0,0.0,0.0,0.0,0.0,0.0,0.0,0.0,0.0,0.0,0.0,0.0,0.0,,tools_only,5.0,5.0,6.0,6.0,shape_niceness_med_14,/Users/cat2510/MMIO/full_dataset/shape_niceness/results_tools_only_vague/shape_niceness_med_14.explore_replay.pkl,/Users/cat2510/MMIO/full_dataset/shape_niceness/results_tools_only_vague/shape_niceness_med_14.json,0,18,1.9511099438645496,1.5054034463249428,1.8457397004719935,1.7653336168252802,1.7271866660158481,1.772701735208935,0.9109080009591286,0.9884629839510835,0.7596994173617224,0.7977748228086038,0.814390548317098,0.7372229760290656,0.7726386722795471,baseline,completed
18,1.9009035687708047,1.5499820530609243,1.7680278432472487,1.707630863657533,1.6901501469567013,1.685857788960337,0.8969882442082899,0.9545317507867503,0.7838238430347134,0.8118516382851226,0.823757535013946,0.720575783234461,0.8180288212092834,0.0,-0.011326087659562889,0.00034716679837161203,0.00028930566530967666,0.0,0.0003471667983716564,0.00028930566530993573,0.0,0.006184933045833452,0.0011165596099744768,0.020044730036867464,0.016703941697389552,0.006862424467080519,0.012277355007422774,0.011255774302317612,0.0,0.014411091380869046,,tools_only,5.0,5.0,6.0,6.0,shape_niceness_med_15,/Users/cat2510/MMIO/full_dataset/shape_niceness/results_tools_only_vague/shape_niceness_med_15.explore_replay.pkl,/Users/cat2510/MMIO/full_dataset/shape_niceness/results_tools_only_vague/shape_niceness_med_15.json,2,18,1.9009035687708047,1.5386559654013614,1.7680278432472487,1.7079780304559047,1.6904394526220112,1.685857788960337,0.9031731772541234,0.9556483103967248,0.7906862675017939,0.8241289932925454,0.8350133093162636,0.720575783234461,0.8324399125901525,force_assign,completed
18,1.9450673463374653,1.6051803097805326,1.9036767110127144,1.8496849414288683,1.8201849706149735,1.8783153134230985,0.8855367916394592,0.964834867949862,0.7539253563613887,0.7828795304921309,0.7930411028563098,0.6997817995122435,0.7831773363130272,-0.05042075316902572,-0.01669945133106876,-0.05028901597788504,-0.0419075133149042,-0.034083030139891335,-0.05028901597788571,-0.0419075133149045,-0.02694767622097305,0.003580070261200108,0.0,0.024932342323507783,0.020776951936256487,0.038877629104261735,0.024932342323507828,0.020776951936256505,0.07576483145605306,0.024247236045580878,,tools_only,5.0,5.0,6.0,6.0,shape_niceness_med_16,/Users/cat2510/MMIO/full_dataset/shape_niceness/results_tools_only_vague/shape_niceness_med_16.explore_replay.pkl,/Users/cat2510/MMIO/full_dataset/shape_niceness/results_tools_only_vague/shape_niceness_med_16.json,1,18,1.8946465931684395,1.5884808584494639,1.869593680872823,1.7993959254509826,1.778277457300069,1.8513676372021255,0.8891168619006593,0.964834867949862,0.7928029854656504,0.8078118728156387,0.8138180547925663,0.7755466309682966,0.8074245723586081,force_assign,completed
18,1.768782749734315,1.508081753760654,1.7295487436090247,1.6939503986553373,1.679284622454411,1.6892175781943737,0.9028458876668436,0.9855536719063224,0.785623373557088,0.8121463075646285,0.8196799252044538,0.768798313422577,0.802886906295372,0.0,0.0,0.0,0.0,0.0,0.0,0.0,0.0,0.0,0.0,0.0,0.0,0.0,0.0,0.0,0.0,0.0,,tools_only,5.0,5.0,6.0,6.0,shape_niceness_med_17,/Users/cat2510/MMIO/full_dataset/shape_niceness/results_tools_only_vague/shape_niceness_med_17.explore_replay.pkl,/Users/cat2510/MMIO/full_dataset/shape_niceness/results_tools_only_vague/shape_niceness_med_17.json,0,18,1.768782749734315,1.508081753760654,1.7295487436090247,1.6939503986553373,1.679284622454411,1.6892175781943737,0.9028458876668436,0.9855536719063224,0.785623373557088,0.8121463075646285,0.8196799252044538,0.768798313422577,0.802886906295372,baseline,completed
18,1.8827138246236481,1.5744592377539655,1.8218937171504994,1.7918036580634216,1.7746381854683635,1.786223639657664,0.8900579656656222,0.9780953156200803,0.7476548067896597,0.7747768421271743,0.7884146640367854,0.7217186975494809,0.7677037661069175,0.0,0.0,0.0,0.0,0.0,0.0,0.0,0.0,0.0,0.0,0.0,0.0,0.0,0.0,0.0,0.0,0.0,,tools_only,5.0,5.0,6.0,6.0,shape_niceness_med_18,/Users/cat2510/MMIO/full_dataset/shape_niceness/results_tools_only_vague/shape_niceness_med_18.explore_replay.pkl,/Users/cat2510/MMIO/full_dataset/shape_niceness/results_tools_only_vague/shape_niceness_med_18.json,0,18,1.8827138246236481,1.5744592377539655,1.8218937171504994,1.7918036580634216,1.7746381854683635,1.786223639657664,0.8900579656656222,0.9780953156200803,0.7476548067896597,0.7747768421271743,0.7884146640367854,0.7217186975494809,0.7677037661069175,baseline,completed
18,2.1805659911370197,1.6256425209016128,2.0746360634062273,1.9366563918775541,1.8962083696098366,1.9772035502256669,0.8822875918238455,0.9773100992285301,0.7101839606353361,0.7492349244038745,0.7692173733422091,0.6555938577247438,0.7593714274247251,0.0,0.0,0.0,0.0,0.0,0.0,0.0,0.0,0.0,0.0,0.0,0.0,0.0,0.0,0.0,0.0,0.0,,tools_only,5.0,5.0,6.0,6.0,shape_niceness_med_19,/Users/cat2510/MMIO/full_dataset/shape_niceness/results_tools_only_vague/shape_niceness_med_19.explore_replay.pkl,/Users/cat2510/MMIO/full_dataset/shape_niceness/results_tools_only_vague/shape_niceness_med_19.json,0,18,2.1805659911370197,1.6256425209016128,2.0746360634062273,1.9366563918775541,1.8962083696098366,1.9772035502256669,0.8822875918238455,0.9773100992285301,0.7101839606353361,0.7492349244038745,0.7692173733422091,0.6555938577247438,0.7593714274247251,baseline,completed
18,1.7944519048713254,1.5376578268355507,1.7564073246033818,1.7367223599111399,1.7154839484517872,1.7352794910725517,0.9130679154070857,0.985612402848644,0.8090610436543916,0.8304112165680386,0.8404089591671662,0.7544097693349111,0.8447189287595234,0.0,0.0,0.0,0.0,0.0,0.0,0.0,0.0,0.0,0.0,0.0,0.0,0.0,0.0,0.0,0.0,0.0,,tools_only,5.0,5.0,6.0,6.0,shape_niceness_med_20,/Users/cat2510/MMIO/full_dataset/shape_niceness/results_tools_only_vague/shape_niceness_med_20.explore_replay.pkl,/Users/cat2510/MMIO/full_dataset/shape_niceness/results_tools_only_vague/shape_niceness_med_20.json,0,18,1.7944519048713254,1.5376578268355507,1.7564073246033818,1.7367223599111399,1.7154839484517872,1.7352794910725517,0.9130679154070857,0.985612402848644,0.8090610436543916,0.8304112165680386,0.8404089591671662,0.7544097693349111,0.8447189287595234,baseline,completed
18,1.9097754716888822,1.530320409458258,1.8159574327262595,1.7590996504420118,1.741737689683558,1.7368947756507016,0.9042743166554771,0.9867412752064247,0.805065123001023,0.8164877897173749,0.8215972569232654,0.7879379542249915,0.8143010029350093,-0.06034296445831733,-0.025734948144259917,-0.07337986302395416,-0.10783210814309067,-0.07429216973110364,-0.0661744230495831,-0.06799322795824758,-0.049466206126002055,0.007220372770976535,0.0,0.01827385602490732,0.015228213354089434,0.011997536647035512,0.011841327745545138,0.010460738436100958,0.02401001429912064,0.007043225857449098,,tools_only,5.0,5.0,6.0,6.0,shape_niceness_med_21,/Users/cat2510/MMIO/full_dataset/shape_niceness/results_tools_only_vague/shape_niceness_med_21.explore_replay.pkl,/Users/cat2510/MMIO/full_dataset/shape_niceness/results_tools_only_vague/shape_niceness_med_21.json,3,18,1.8494325072305648,1.5045854613139982,1.741665262995156,1.6929252273924287,1.6737444617253103,1.6874285695246996,0.9114946894264536,0.9867412752064247,0.8170626596480585,0.82832911746292,0.8320579953593663,0.8119479685241121,0.8213442287924584,force_assign,completed
18,2.006044590420831,1.5598128896464338,1.807081483087804,1.7316188647202775,1.7082748911925876,1.67883381053437,0.9129599962246251,0.977223551084379,0.8114978557864401,0.828419068838002,0.8386293331194005,0.7477696674778873,0.8451522473803484,0.0,0.0,0.0,0.0,0.0,0.0,0.0,0.0,0.0,0.0,0.0,0.0,0.0,0.0,0.0,0.0,0.0,,tools_only,5.0,5.0,6.0,6.0,shape_niceness_med_22,/Users/cat2510/MMIO/full_dataset/shape_niceness/results_tools_only_vague/shape_niceness_med_22.explore_replay.pkl,/Users/cat2510/MMIO/full_dataset/shape_niceness/results_tools_only_vague/shape_niceness_med_22.json,0,18,2.006044590420831,1.5598128896464338,1.807081483087804,1.7316188647202775,1.7082748911925876,1.67883381053437,0.9129599962246251,0.977223551084379,0.8114978557864401,0.828419068838002,0.8386293331194005,0.7477696674778873,0.8451522473803484,baseline,completed
18,1.7530555452645389,1.5373196430855542,1.7340576685064482,1.7055263170137187,1.6856393662311187,1.7158141247346244,0.9127850390584437,0.9714447602397942,0.8426754581358598,0.851849842920976,0.8585135740308778,0.8251711427066724,0.8523090834766887,0.0,-0.020207627854438304,-0.08789363296348691,-0.07324469413623909,-0.023064497712596,-0.044729190820008036,-0.041425227478173454,-0.048435445196451044,0.011674199283029929,0.0008130056008108788,0.055212467030429105,0.04601038919202425,0.014202760931840586,0.019986789966125684,0.017572728301012752,0.0,0.02806286270439473,,tools_only,5.0,5.0,6.0,6.0,shape_niceness_med_23,/Users/cat2510/MMIO/full_dataset/shape_niceness/results_tools_only_vague/shape_niceness_med_23.explore_replay.pkl,/Users/cat2510/MMIO/full_dataset/shape_niceness/results_tools_only_vague/shape_niceness_med_23.json,2,18,1.7530555452645389,1.517112015231116,1.7109931707938522,1.6607971261937107,1.6442141387529452,1.6673786795381733,0.9244592383414736,0.9722577658406051,0.8568782190677003,0.8718366328871017,0.8760863023318906,0.8251711427066724,0.8803719461810834,force_assign,completed
18,1.8283190767980233,1.4458567143500751,1.6831687394365762,1.633261710773618,1.615631306108907,1.6068901118198202,0.9314273958856548,0.9985686705278788,0.8083902729021296,0.8305152297977422,0.8450155650613201,0.7996117043406948,0.8153567972804353,0.0,0.0,0.0,0.0,0.0,0.0,0.0,0.0,0.0,0.0,0.0,0.0,0.0,0.0,0.0,0.0,0.0,,tools_only,5.0,5.0,6.0,6.0,shape_niceness_med_24,/Users/cat2510/MMIO/full_dataset/shape_niceness/results_tools_only_vague/shape_niceness_med_24.explore_replay.pkl,/Users/cat2510/MMIO/full_dataset/shape_niceness/results_tools_only_vague/shape_niceness_med_24.json,0,18,1.8283190767980233,1.4458567143500751,1.6831687394365762,1.633261710773618,1.615631306108907,1.6068901118198202,0.9314273958856548,0.9985686705278788,0.8083902729021296,0.8305152297977422,0.8450155650613201,0.7996117043406948,0.8153567972804353,baseline,completed
18,2.0513254356081605,1.481690110625002,1.824837216025801,1.7054208830046158,1.6687761849353049,1.7002179398727661,0.9197081508916654,0.9828078669116421,0.7768253079541334,0.8230243304808098,0.8368861858137119,0.7107765451664937,0.8274327639934902,0.0,0.0,0.0,0.0,0.0,0.0,0.0,0.0,0.0,0.0,0.0,0.0,0.0,0.0,0.0,0.0,0.0,,tools_only,5.0,5.0,6.0,6.0,shape_niceness_med_25,/Users/cat2510/MMIO/full_dataset/shape_niceness/results_tools_only_vague/shape_niceness_med_25.explore_replay.pkl,/Users/cat2510/MMIO/full_dataset/shape_niceness/results_tools_only_vague/shape_niceness_med_25.json,0,18,2.0513254356081605,1.481690110625002,1.824837216025801,1.7054208830046158,1.6687761849353049,1.7002179398727661,0.9197081508916654,0.9828078669116421,0.7768253079541334,0.8230243304808098,0.8368861858137119,0.7107765451664937,0.8274327639934902,baseline,completed
18,2.146903430842472,1.5464115094562265,1.9767344049512336,1.8639729643953102,1.8231365797675725,1.8631545623609436,0.9031260286477075,0.9957733038764798,0.7543674521972585,0.7871526404543905,0.7998657595222971,0.685352622061574,0.8042015998854439,-0.1840152147251799,-0.026165196644823308,-0.10111578136687656,-0.0842631511390638,-0.12210659867162388,-0.10111578136687616,-0.08426315113906369,-0.07701783763826442,0.007522790325391271,-0.008206095957004944,0.0364374740066699,0.030364561672224916,0.03752569128753647,0.028652768527894446,0.027833259665918875,0.06520541365266885,0.014211498062982275,,tools_only,5.0,5.0,6.0,6.0,shape_niceness_med_26,/Users/cat2510/MMIO/full_dataset/shape_niceness/results_tools_only_vague/shape_niceness_med_26.explore_replay.pkl,/Users/cat2510/MMIO/full_dataset/shape_niceness/results_tools_only_vague/shape_niceness_med_26.json,2,18,1.962888216117292,1.5202463128114032,1.8546278062796098,1.762857183028434,1.7388734286285088,1.7861367247226791,0.9106488189730988,0.9875672079194748,0.791893143484795,0.8158054089822849,0.827699019188216,0.7505580357142428,0.8184130979484262,resolve,completed
18,1.9358686174874449,1.5018431401757997,1.7733948378213995,1.6979566283366156,1.6728067514158358,1.6719470393368998,0.9263410868465893,0.9864824655125725,0.7848639030047195,0.8358451767845413,0.8492891369804404,0.739468110143623,0.830089905213965,0.0,-0.021984383960897524,-0.06408526566824499,-0.05340438805687083,0.0,-0.015067961363909532,-0.014028503316408925,0.0,0.0019243538769122548,0.005786639165830332,0.0,0.0,0.0,0.0,0.0,0.0,0.0,,tools_only,5.0,5.0,6.0,6.0,shape_niceness_med_27,/Users/cat2510/MMIO/full_dataset/shape_niceness/results_tools_only_vague/shape_niceness_med_27.explore_replay.pkl,/Users/cat2510/MMIO/full_dataset/shape_niceness/results_tools_only_vague/shape_niceness_med_27.json,3,18,1.9358686174874449,1.4798587562149021,1.7733948378213995,1.6828886669727061,1.6587782480994269,1.6719470393368998,0.9282654407235016,0.9922691046784028,0.7848639030047195,0.8358451767845413,0.8492891369804404,0.739468110143623,0.830089905213965,force_assign,completed
18,1.9128871389468758,1.5302005423964837,1.7904729830051238,1.7396637378084379,1.7199433720234587,1.7134480325448147,0.9099711315962478,0.9770763081619028,0.8125194796084635,0.8365998054494845,0.8440821537312265,0.7479051951163358,0.8481860946458651,0.0,-0.01783644098365511,-0.06421118754115826,-0.05350932295096522,0.007128672155349847,-0.008073107688169712,-0.015175421922067,0.0149702115262349,0.0007468318585104328,0.011318835050243892,0.0,-0.012051805023821952,-0.01468074627862248,-0.014319836793752705,-0.012051805023822082,0.0,-0.01993161723343595,,tools_only,5.0,5.0,6.0,6.0,shape_niceness_med_28,/Users/cat2510/MMIO/full_dataset/shape_niceness/results_tools_only_vague/shape_niceness_med_28.explore_replay.pkl,/Users/cat2510/MMIO/full_dataset/shape_niceness/results_tools_only_vague/shape_niceness_med_28.json,1,18,1.9128871389468758,1.5123641014128286,1.7976016551604737,1.7315906301202681,1.7047679501013917,1.7284182440710496,0.9107179634547582,0.9883951432121467,0.797838733329841,0.8222799686557318,0.8320303487074044,0.7479051951163358,0.8282544774124292,force_assign,completed
18,1.789023517015719,1.504533262752159,1.7569643663887262,1.6907994816010365,1.6690452476970623,1.7232818535179513,0.9137290546613781,0.9911047266287962,0.7935506875443238,0.8296724461016523,0.8393643723322048,0.7632590315142904,0.8253519376304767,0.0,-0.017993043016832466,-0.06477495486059733,-0.053979129050497766,-0.040681232145340473,-0.040900945828255875,-0.03779765503753296,-0.0854305875052146,0.005568540670779498,0.0,0.009635499207606802,0.016705622012338717,0.0,0.0010307504304968296,0.002295926372186785,0.0,0.0,,tools_only,5.0,5.0,6.0,6.0,shape_niceness_med_29,/Users/cat2510/MMIO/full_dataset/shape_niceness/results_tools_only_vague/shape_niceness_med_29.explore_replay.pkl,/Users/cat2510/MMIO/full_dataset/shape_niceness/results_tools_only_vague/shape_niceness_med_29.json,1,18,1.789023517015719,1.4865402197353266,1.7162831342433857,1.6498985357727807,1.6312475926595293,1.6378512660127367,0.9192975953321576,0.9911047266287962,0.7935506875443238,0.8307031965321491,0.8416602987043916,0.7632590315142904,0.8253519376304767,force_assign,completed
